Numero_do_alimento,Descricao_do_alimento,Energia_kcal,Proteina_g,Categoria_do_alimento
1,Arroz_integral_cozido,124,2.6,Cereais_e_derivados
2,Arroz_integral_cru,360,7.3,Cereais_e_derivados
3,Arroz_tipo_1_cozido,128,2.5,Cereais_e_derivados
4,Arroz_tipo_1_cru,358,7.2,Cereais_e_derivados
5,Arroz_tipo_2_cozido,130,2.6,Cereais_e_derivados
6,Arroz_tipo_2_cru,358,7.2,Cereais_e_derivados
7,Aveia_flocos_crua,394,13.9,Cereais_e_derivados
8,Biscoito_doce_maisena,443,8.1,Cereais_e_derivados
9,Biscoito_doce_recheado_com_chocolate,472,6.4,Cereais_e_derivados
10,Biscoito_doce_recheado_com_morango,471,5.7,Cereais_e_derivados
11,Biscoito_doce_wafer_recheado_de_chocolate,502,5.6,Cereais_e_derivados
12,Biscoito_doce_wafer_recheado_de_morango,513,4.5,Cereais_e_derivados
13,Biscoito_salgado_cream_cracker,432,10.1,Cereais_e_derivados
14,Bolo_mistura_para,419,6.2,Cereais_e_derivados
15,Bolo_pronto_aipim,324,4.4,Cereais_e_derivados
16,Bolo_pronto_chocolate,410,6.2,Cereais_e_derivados
17,Bolo_pronto_COCO,333,5.7,Cereais_e_derivados
18,Bolo_pronto_milho,311,4.8,Cereais_e_derivados
19,Canjica_branca_crua,358,7.2,Cereais_e_derivados
20,Canjica_com_leite_integral,112,2.4,Cereais_e_derivados
21,Cereais_milho_flocos_com_sal,370,7.3,Cereais_e_derivados
22,Cereais_milho_flocos_sem_sal,363,6.9,Cereais_e_derivados
23,Cereais_mingau_milho_infantil,394,6.4,Cereais_e_derivados
24,Cereais_mistura_para_vitamina_trigo_cevada_e_aveia,381,8.9,Cereais_e_derivados
25,Cereal_matinal_milho,365,7.2,Cereais_e_derivados
26,Cereal_matinal_milho_acucar,377,4.7,Cereais_e_derivados
27,Creme_de_arroz_po,386,7.0,Cereais_e_derivados
28,Creme_de_milho_po,333,4.8,Cereais_e_derivados
29,Curau_milho_verde,78,2.4,Cereais_e_derivados
30,Curau_milho_verde_mistura_para,402,2.2,Cereais_e_derivados
31,Farinha_de_arroz_enriquecida,363,1.3,Cereais_e_derivados
32,Farinha_de_centeio_integral,336,12.5,Cereais_e_derivados
33,Farinha_de_milho_amarela,351,7.2,Cereais_e_derivados
34,Farinha_de_rosca,371,11.4,Cereais_e_derivados
35,Farinha_de_trigo,360,9.8,Cereais_e_derivados
36,Farinha_lactea_de_cereais,415,11.9,Cereais_e_derivados
37,Lasanha_massa_fresca_cozida,164,5.8,Cereais_e_derivados
38,Lasanha_massa_fresca_crua,220,7.0,Cereais_e_derivados
39,Macarrao_instantaneo,436,8.8,Cereais_e_derivados
40,Macarrao_trigo_cru,371,10.0,Cereais_e_derivados
41,Macarrao_trigo_cru_com_ovos,371,10.3,Cereais_e_derivados
42,Milho_amido_cru,361,0.6,Cereais_e_derivados
43,Milho_fuba_cru,353,7.2,Cereais_e_derivados
44,Milho_verde_cru,138,6.6,Cereais_e_derivados
45,Milho_verde_enlatado_drenado,98,3.2,Cereais_e_derivados
46,Mingau_tradicional_po,373,0.6,Cereais_e_derivados
47,Pamonha_barra_para_cozimento_pre-cozida,171,2.6,Cereais_e_derivados
48,Pao_aveia_forma,343,12.4,Cereais_e_derivados
49,Pao_de_soja,309,11.3,Cereais_e_derivados
50,Pao_gluten_forma,253,12.0,Cereais_e_derivados
51,Pao_milho_forma,292,8.3,Cereais_e_derivados
52,Pao_trigo_forma_integral,253,9.4,Cereais_e_derivados
53,Pao_trigo_frances,300,8.0,Cereais_e_derivados
54,Pao_trigo_sovado,311,8.4,Cereais_e_derivados
55,Pastel_de_carne_cru,289,10.7,Cereais_e_derivados
56,Pastel_de_carne_frito,388,10.1,Cereais_e_derivados
57,Pastel_de_queijo_cru,308,9.9,Cereais_e_derivados
58,Pastel_de_queijo_frito,422,8.7,Cereais_e_derivados
59,Pastel_massa_crua,310,6.9,Cereais_e_derivados
60,Pastel_massa_frita,570,6.0,Cereais_e_derivados
61,Pipoca_com_oleo_de_soja_sem_sal,448,9.9,Cereais_e_derivados
62,Polenta_pre-cozida,103,2.3,Cereais_e_derivados
63,Torrada_pao_frances,377,10.5,Cereais_e_derivados
64,Abobora_cabotian_cozida,48,1.4,Verduras_hortalicas_e_derivados
65,Abobora_cabotian_crua,39,1.7,Verduras_hortalicas_e_derivados
66,Abobora_menina_brasileira_crua,14,0.6,Verduras_hortalicas_e_derivados
67,Abobora_moranga_crua,12,1.0,Verduras_hortalicas_e_derivados
68,Abobora_moranga_refogada,29,0.4,Verduras_hortalicas_e_derivados
69,Abobora_pescoco_crua,24,0.7,Verduras_hortalicas_e_derivados
70,Abobrinha_italiana_cozida,15,1.1,Verduras_hortalicas_e_derivados
71,Abobrinha_italiana_crua,19,1.1,Verduras_hortalicas_e_derivados
72,Abobrinha_italiana_refogada,24,1.1,Verduras_hortalicas_e_derivados
73,Abobrinha_paulista_crua,31,0.6,Verduras_hortalicas_e_derivados
74,Acelga_crua,21,1.4,Verduras_hortalicas_e_derivados
75,Agriao_cru,17,2.7,Verduras_hortalicas_e_derivados
76,Aipo_cru,19,0.8,Verduras_hortalicas_e_derivados
77,Alface_americana_crua,9,0.6,Verduras_hortalicas_e_derivados
78,Alface_crespa_crua,11,1.3,Verduras_hortalicas_e_derivados
79,Alface_lisa_crua,14,1.7,Verduras_hortalicas_e_derivados
80,Alface_roxa_crua,13,0.9,Verduras_hortalicas_e_derivados
81,Alfavaca_crua,29,2.7,Verduras_hortalicas_e_derivados
82,Alho_cru,113,7.0,Verduras_hortalicas_e_derivados
83,Alho-poro_cru,32,1.4,Verduras_hortalicas_e_derivados
84,Almeirao_cru,18,1.8,Verduras_hortalicas_e_derivados
85,Almeirao_refogado,65,1.7,Verduras_hortalicas_e_derivados
86,Batata_baroa_cozida,80,0.9,Verduras_hortalicas_e_derivados
87,Batata_baroa_crua,101,1.0,Verduras_hortalicas_e_derivados
88,Batata_doce_cozida,77,0.6,Verduras_hortalicas_e_derivados
89,Batata_doce_crua,118,1.3,Verduras_hortalicas_e_derivados
90,Batata_frita_tipo_chips_industrializada,543,5.6,Verduras_hortalicas_e_derivados
91,Batata_inglesa_cozida,52,1.2,Verduras_hortalicas_e_derivados
92,Batata_inglesa_crua,64,1.8,Verduras_hortalicas_e_derivados
93,Batata_inglesa_frita,267,5.0,Verduras_hortalicas_e_derivados
94,Batata_inglesa_saute,68,1.3,Verduras_hortalicas_e_derivados
95,Berinjela_cozida,19,0.7,Verduras_hortalicas_e_derivados
96,Berinjela_crua,20,1.2,Verduras_hortalicas_e_derivados
97,Beterraba_cozida,32,1.3,Verduras_hortalicas_e_derivados
98,Beterraba_crua,49,1.9,Verduras_hortalicas_e_derivados
99,Biscoito_polvilho_doce,438,1.3,Verduras_hortalicas_e_derivados
100,Brocolis_cozido,25,2.1,Verduras_hortalicas_e_derivados
101,Brocolis_cru,25,3.6,Verduras_hortalicas_e_derivados
102,Cara_cozido,78,1.5,Verduras_hortalicas_e_derivados
103,Cara_cru,96,2.3,Verduras_hortalicas_e_derivados
104,Caruru_cru,34,3.2,Verduras_hortalicas_e_derivados
105,Catalonha_crua,24,1.9,Verduras_hortalicas_e_derivados
106,Catalonha_refogada,63,2.0,Verduras_hortalicas_e_derivados
107,Cebola_crua,39,1.7,Verduras_hortalicas_e_derivados
108,Cebolinha_crua,20,1.9,Verduras_hortalicas_e_derivados
109,Cenoura_cozida,30,0.8,Verduras_hortalicas_e_derivados
110,Cenoura_crua,34,1.3,Verduras_hortalicas_e_derivados
111,Chicoria_crua,14,1.1,Verduras_hortalicas_e_derivados
112,Chuchu_cozido,19,0.4,Verduras_hortalicas_e_derivados
113,Chuchu_cru,17,0.7,Verduras_hortalicas_e_derivados
114,Coentro_folhas_desidratadas,309,20.9,Verduras_hortalicas_e_derivados
115,Couve_manteiga_crua,27,2.9,Verduras_hortalicas_e_derivados
116,Couve_manteiga_refogada,90,1.7,Verduras_hortalicas_e_derivados
117,Couve-flor_crua,23,1.9,Verduras_hortalicas_e_derivados
118,Couveflor-_cozida,19,1.2,Verduras_hortalicas_e_derivados
119,Espinafre_Nova_Zelandia_cru,16,2.0,Verduras_hortalicas_e_derivados
120,Espinafre_Nova_Zelandia_refogado,67,2.7,Verduras_hortalicas_e_derivados
121,Farinha_de_mandioca_crua,361,1.6,Verduras_hortalicas_e_derivados
122,Farinha_de_mandioca_torrada,365,1.2,Verduras_hortalicas_e_derivados
123,Farinha_de_puba,360,1.6,Verduras_hortalicas_e_derivados
124,Fecula_de_mandioca,331,0.5,Verduras_hortalicas_e_derivados
125,Feijao_broto_cru,39,4.2,Verduras_hortalicas_e_derivados
126,Inhame_cru,97,2.1,Verduras_hortalicas_e_derivados
127,Jilo_cru,27,1.4,Verduras_hortalicas_e_derivados
128,Jurubeba_crua,126,4.4,Verduras_hortalicas_e_derivados
129,Mandioca_cozida,125,0.6,Verduras_hortalicas_e_derivados
130,Mandioca_crua,151,1.1,Verduras_hortalicas_e_derivados
131,Mandioca_farofa_temperada,406,2.1,Verduras_hortalicas_e_derivados
132,Mandioca_frita,300,1.4,Verduras_hortalicas_e_derivados
133,Manjericao_cru,21,2.0,Verduras_hortalicas_e_derivados
134,Maxixe_cru,14,1.4,Verduras_hortalicas_e_derivados
135,Mostarda_folha_crua,18,2.1,Verduras_hortalicas_e_derivados
136,Nhoque_batata_cozido,181,5.9,Verduras_hortalicas_e_derivados
137,Nabo_cru,18,1.2,Verduras_hortalicas_e_derivados
138,Palmito_jucara_em_conserva,23,1.8,Verduras_hortalicas_e_derivados
139,Palmito_pupunha_em_conserva,29,2.5,Verduras_hortalicas_e_derivados
140,Pao_de_queijo_assado,363,5.1,Verduras_hortalicas_e_derivados
141,Pao_de_queijo_cru,295,3.6,Verduras_hortalicas_e_derivados
142,Pepino_cru,10,0.9,Verduras_hortalicas_e_derivados
143,Pimentao_amarelo_cru,28,1.2,Verduras_hortalicas_e_derivados
144,Pimentao_verde_cru,21,1.1,Verduras_hortalicas_e_derivados
145,Pimentao_vermelho_cru,23,1.0,Verduras_hortalicas_e_derivados
146,Polvilho_doce,351,0.4,Verduras_hortalicas_e_derivados
147,Quiabo_cru,30,1.9,Verduras_hortalicas_e_derivados
148,Rabanete_cru,14,1.4,Verduras_hortalicas_e_derivados
149,Repolho_branco_cru,17,0.9,Verduras_hortalicas_e_derivados
150,Repolho_roxo_cru,31,1.9,Verduras_hortalicas_e_derivados
151,Repolho_roxo_refogado,42,1.8,Verduras_hortalicas_e_derivados
152,Rucula_crua,13,1.8,Verduras_hortalicas_e_derivados
153,Salsa_crua,33,3.3,Verduras_hortalicas_e_derivados
154,Seleta_de_legumes_enlatada,57,3.4,Verduras_hortalicas_e_derivados
155,Serralha_crua,30,2.7,Verduras_hortalicas_e_derivados
156,Taioba_crua,34,2.9,Verduras_hortalicas_e_derivados
157,Tomate_com_semente_cru,15,1.1,Verduras_hortalicas_e_derivados
158,Tomate_extrato,61,2.4,Verduras_hortalicas_e_derivados
159,Tomate_molho_industrializado,38,1.4,Verduras_hortalicas_e_derivados
160,Tomate_pure,28,1.4,Verduras_hortalicas_e_derivados
161,Tomate_salada,21,0.8,Verduras_hortalicas_e_derivados
162,Vagem_crua,25,1.8,Verduras_hortalicas_e_derivados
163,Abacate_cru,96,1.2,Frutas_e_derivados
164,Abacaxi_cru,48,0.9,Frutas_e_derivados
165,Abacaxi_polpa_congelada,31,0.5,Frutas_e_derivados
166,Abiu_cru,62,0.8,Frutas_e_derivados
167,Acai_polpa_com_xarope_de_guarana_e_glucose,110,0.7,Frutas_e_derivados
168,Acai_polpa_congelada,58,0.8,Frutas_e_derivados
169,Acerola_crua,33,0.9,Frutas_e_derivados
170,Acerola_polpa_congelada,22,0.6,Frutas_e_derivados
171,Ameixa_calda_enlatada,183,0.4,Frutas_e_derivados
172,Ameixa_crua,53,0.8,Frutas_e_derivados
173,Ameixa_em_calda_enlatada_drenada,177,1.0,Frutas_e_derivados
174,Atemoia_crua,97,1.0,Frutas_e_derivados
175,Banana_da_terra_crua,128,1.4,Frutas_e_derivados
176,Banana_doce_em_barra,280,2.2,Frutas_e_derivados
177,Banana_figo_crua,105,1.1,Frutas_e_derivados
178,Banana_maca_crua,87,1.8,Frutas_e_derivados
179,Banana_nanica_crua,92,1.4,Frutas_e_derivados
180,Banana_ouro_crua,112,1.5,Frutas_e_derivados
181,Banana_pacova_crua,78,1.2,Frutas_e_derivados
182,Banana_prata_crua,98,1.3,Frutas_e_derivados
183,Cacau_cru,74,1.0,Frutas_e_derivados
184,Caja-Manga_cru,46,1.3,Frutas_e_derivados
185,Caja_polpa_congelada,26,0.6,Frutas_e_derivados
186,Caju_cru,43,1.0,Frutas_e_derivados
187,Caju_polpa_congelada,37,0.5,Frutas_e_derivados
188,Caju_suco_concentrado_envasado,45,0.4,Frutas_e_derivados
189,Caqui_chocolate_cru,71,0.4,Frutas_e_derivados
190,Carambola_crua,46,0.9,Frutas_e_derivados
191,Ciriguela_crua,76,1.4,Frutas_e_derivados
192,Cupuacu_cru,49,1.2,Frutas_e_derivados
193,Cupuacu_polpa_congelada,49,0.8,Frutas_e_derivados
194,Figo_cru,41,1.0,Frutas_e_derivados
195,Figo_enlatado_em_calda,184,0.6,Frutas_e_derivados
196,Fruta-pao_crua,67,1.1,Frutas_e_derivados
197,Goiaba_branca_com_casca_crua,52,0.9,Frutas_e_derivados
198,Goiaba_doce_em_pasta,269,0.6,Frutas_e_derivados
199,Goiaba_doce_cascao,286,0.4,Frutas_e_derivados
200,Goiaba_vermelha_com_casca_crua,54,1.1,Frutas_e_derivados
201,Graviola_crua,62,0.8,Frutas_e_derivados
202,Graviola_polpa_congelada,38,0.6,Frutas_e_derivados
203,Jabuticaba_crua,58,0.6,Frutas_e_derivados
204,Jaca_crua,88,1.4,Frutas_e_derivados
205,Jambo_cru,27,0.9,Frutas_e_derivados
206,Jamelao_cru,41,0.5,Frutas_e_derivados
207,Kiwi_cru,51,1.3,Frutas_e_derivados
208,Laranja_baia_crua,45,1.0,Frutas_e_derivados
209,Laranja_baia_suco,37,0.7,Frutas_e_derivados
210,Laranja_da_terra_crua,51,1.1,Frutas_e_derivados
211,Laranja_da_terra_suco,41,0.7,Frutas_e_derivados
212,Laranja_lima_crua,46,1.1,Frutas_e_derivados
213,Laranja_lima_suco,39,0.7,Frutas_e_derivados
214,Laranja_pera_crua,37,1.0,Frutas_e_derivados
215,Laranja_pera_suco,33,0.7,Frutas_e_derivados
216,Laranja_valencia_crua,46,0.8,Frutas_e_derivados
217,Laranja_valencia_suco,36,0.5,Frutas_e_derivados
218,Limao_cravo_suco,14,0.3,Frutas_e_derivados
219,Limao_galego_suco,22,0.6,Frutas_e_derivados
220,Limao_tahiti_cru,32,0.9,Frutas_e_derivados
221,Maca_Argentina_com_casca_crua,63,0.2,Frutas_e_derivados
222,Maca_Fuji_com_casca_crua,56,0.3,Frutas_e_derivados
223,Macauba_crua,404,2.1,Frutas_e_derivados
224,Mamao_doce_em_calda_drenado,196,0.2,Frutas_e_derivados
225,Mamao_Formosa_cru,45,0.8,Frutas_e_derivados
226,Mamao_Papaia_cru,40,0.5,Frutas_e_derivados
227,Mamao_verde_doce_em_calda_drenado,209,0.3,Frutas_e_derivados
228,Manga_Haden_crua,64,0.4,Frutas_e_derivados
229,Manga_Palmer_crua,72,0.4,Frutas_e_derivados
230,Manga_polpa_congelada,48,0.4,Frutas_e_derivados
231,Manga_Tommy_Atkins_crua,51,0.9,Frutas_e_derivados
232,Maracuja_cru,68,2.0,Frutas_e_derivados
233,Maracuja_polpa_congelada,39,0.8,Frutas_e_derivados
234,Maracuja_suco_concentrado_envasado,42,0.8,Frutas_e_derivados
235,Melancia_crua,33,0.9,Frutas_e_derivados
236,Melao_cru,29,0.7,Frutas_e_derivados
237,Mexerica_Murcote_crua,58,0.9,Frutas_e_derivados
238,Mexerica_Rio_crua,37,0.7,Frutas_e_derivados
239,Morango_cru,30,0.9,Frutas_e_derivados
240,Nespera_crua,43,0.3,Frutas_e_derivados
241,Pequi_cru,205,2.3,Frutas_e_derivados
242,Pera_Park_crua,61,0.2,Frutas_e_derivados
243,Pera_Williams_crua,53,0.6,Frutas_e_derivados
244,Pessego_Aurora_cru,36,0.8,Frutas_e_derivados
245,Pessego_enlatado_em_calda,63,0.7,Frutas_e_derivados
246,Pinha_crua,88,1.5,Frutas_e_derivados
247,Pitanga_crua,41,0.9,Frutas_e_derivados
248,Pitanga_polpa_congelada,19,0.3,Frutas_e_derivados
249,Roma_crua,56,0.4,Frutas_e_derivados
250,Tamarindo_cru,276,3.2,Frutas_e_derivados
251,Tangerina_Ponca_crua,38,0.8,Frutas_e_derivados
252,Tangerina_Ponca_suco,36,0.5,Frutas_e_derivados
253,Tucuma_cru,262,2.1,Frutas_e_derivados
254,Umbu_cru,37,0.8,Frutas_e_derivados
255,Umbu_polpa_congelada,34,0.5,Frutas_e_derivados
256,Uva_Italia_crua,53,0.7,Frutas_e_derivados
257,Uva_Rubi_crua,49,0.6,Frutas_e_derivados
258,Uva_suco_concentrado_envasado,58,Tr,Frutas_e_derivados
259,Azeite_de_dende,884,NA,Gorduras_e_oleos
260,Azeite_de_oliva_extra_virgem,884,NA,Gorduras_e_oleos
261,Manteiga_com_sal,726,0.4,Gorduras_e_oleos
262,Manteiga_sem_sal,758,0.4,Gorduras_e_oleos
263,Margarina_com_oleo_hidrogenado_com_sal_(65%_de_lipideos),596,Tr,Gorduras_e_oleos
264,Margarina_com_oleo_hidrogenado_sem_sal_(80%_de_lipideos),723,Tr,Gorduras_e_oleos
265,Margarina_com_oleo_interesterificado_com_sal_(65%_de_lipideos),594,Tr,Gorduras_e_oleos
266,Margarina_com_oleo_interesterificado_sem_sal_(65%_de_lipideos),593,Tr,Gorduras_e_oleos
267,Oleo_de_babacu,884,NA,Gorduras_e_oleos
268,Oleo_de_canola,884,NA,Gorduras_e_oleos
269,Oleo_de_girassol,884,NA,Gorduras_e_oleos
270,Oleo_de_milho,884,NA,Gorduras_e_oleos
271,Oleo_de_pequi,884,NA,Gorduras_e_oleos
272,Oleo_de_soja,884,NA,Gorduras_e_oleos
273,Abadejo_file_congelado_assado,112,23.5,Pescados_e_frutos_do_mar
274,Abadejo_file_congelado_cozido,91,19.3,Pescados_e_frutos_do_mar
275,Abadejo_file_congelado_cru,59,13.1,Pescados_e_frutos_do_mar
276,Abadejo_file_congelado_grelhado,130,27.6,Pescados_e_frutos_do_mar
277,Atum_conserva_em_oleo,166,26.2,Pescados_e_frutos_do_mar
278,Atum_fresco_cru,118,25.7,Pescados_e_frutos_do_mar
279,Bacalhau_salgado_cru,136,29.0,Pescados_e_frutos_do_mar
280,Bacalhau_salgado_refogado,140,24.0,Pescados_e_frutos_do_mar
281,Cacao_posta_com_farinha_de_trigo_frita,208,25.0,Pescados_e_frutos_do_mar
282,Cacao_posta_cozida,116,25.6,Pescados_e_frutos_do_mar
283,Cacao_posta_crua,83,17.9,Pescados_e_frutos_do_mar
284,Camarao_Rio_Grande_grande_cozido,90,19.0,Pescados_e_frutos_do_mar
285,Camarao_Rio_Grande_grande_cru,47,10.0,Pescados_e_frutos_do_mar
286,Camarao_Sete_Barbas_sem_cabeca_com_casca_frito,231,18.4,Pescados_e_frutos_do_mar
287,Caranguejo_cozido,83,18.5,Pescados_e_frutos_do_mar
288,Corimba_cru,128,17.4,Pescados_e_frutos_do_mar
289,Corimbata_assado,261,19.9,Pescados_e_frutos_do_mar
290,Corimbata_cozido,239,20.1,Pescados_e_frutos_do_mar
291,Corvina_de_agua_doce_crua,101,18.9,Pescados_e_frutos_do_mar
292,Corvina_do_mar_crua,94,18.6,Pescados_e_frutos_do_mar
293,Corvina_grande_assada,147,26.8,Pescados_e_frutos_do_mar
294,Corvina_grande_cozida,100,23.4,Pescados_e_frutos_do_mar
295,Dourada_de_agua_doce_fresca,131,18.8,Pescados_e_frutos_do_mar
296,Lambari_congelado_cru,131,16.8,Pescados_e_frutos_do_mar
297,Lambari_congelado_frito,327,28.4,Pescados_e_frutos_do_mar
298,Lambari_fresco_cru,152,15.7,Pescados_e_frutos_do_mar
299,Manjuba_com_farinha_de_trigo_frita,344,23.5,Pescados_e_frutos_do_mar
300,Manjuba_frita,349,30.1,Pescados_e_frutos_do_mar
301,Merluza_file_assado,122,26.6,Pescados_e_frutos_do_mar
302,Merluza_file_cru,89,16.6,Pescados_e_frutos_do_mar
303,Merluza_file_frito,192,26.9,Pescados_e_frutos_do_mar
304,Pescada_branca_crua,111,16.3,Pescados_e_frutos_do_mar
305,Pescada_branca_frita,223,27.4,Pescados_e_frutos_do_mar
306,Pescada_file_com_farinha_de_trigo_frito,283,21.4,Pescados_e_frutos_do_mar
307,Pescada_file_cru,107,16.7,Pescados_e_frutos_do_mar
308,Pescada_file_frito,154,28.6,Pescados_e_frutos_do_mar
309,Pescada_file_molho_escabeche,142,11.8,Pescados_e_frutos_do_mar
310,Pescadinha_crua,76,15.5,Pescados_e_frutos_do_mar
311,Pintado_assado,192,36.5,Pescados_e_frutos_do_mar
312,Pintado_cru,91,18.6,Pescados_e_frutos_do_mar
313,Pintado_grelhado,152,30.8,Pescados_e_frutos_do_mar
314,Porquinho_cru,93,20.5,Pescados_e_frutos_do_mar
315,Salmao_file_com_pele_fresco_grelhado,229,23.9,Pescados_e_frutos_do_mar
316,Salmao_sem_pele_fresco_cru,170,19.3,Pescados_e_frutos_do_mar
317,Salmao_sem_pele_fresco_grelhado,243,26.1,Pescados_e_frutos_do_mar
318,Sardinha_assada,164,32.2,Pescados_e_frutos_do_mar
319,Sardinha_conserva_em_oleo,285,15.9,Pescados_e_frutos_do_mar
320,Sardinha_frita,257,33.4,Pescados_e_frutos_do_mar
321,Sardinha_inteira_crua,114,21.1,Pescados_e_frutos_do_mar
322,Tucunare_file_congelado_cru,88,18.0,Pescados_e_frutos_do_mar
323,Apresuntado,129,13.5,Carnes_e_derivados
324,Caldo_de_carne_tablete,241,7.8,Carnes_e_derivados
325,Caldo_de_galinha_tablete,251,6.3,Carnes_e_derivados
326,Carne_bovina_acem_moido_cozido,212,26.7,Carnes_e_derivados
327,Carne_bovina_acem_moido_cru,137,19.4,Carnes_e_derivados
328,Carne_bovina_acem_sem_gordura_cozido,215,27.3,Carnes_e_derivados
329,Carne_bovina_acem_sem_gordura_cru,144,20.8,Carnes_e_derivados
330,Carne_bovina_almondegas_cruas,189,12.3,Carnes_e_derivados
331,Carne_bovina_almondegas_fritas,272,18.2,Carnes_e_derivados
332,Carne_bovina_bucho_cozido,133,21.6,Carnes_e_derivados
333,Carne_bovina_bucho_cru,137,20.5,Carnes_e_derivados
334,Carne_bovina_capa_de_contra-file_com_gordura_crua,217,19.2,Carnes_e_derivados
335,Carne_bovina_capa_de_contra-file_com_gordura_grelhada,312,30.7,Carnes_e_derivados
336,Carne_bovina_capa_de_contra-file_sem_gordura_crua,131,21.5,Carnes_e_derivados
337,Carne_bovina_capa_de_contra-file_sem_gordura_grelhada,239,35.1,Carnes_e_derivados
338,Carne_bovina_charque_cozido,263,36.4,Carnes_e_derivados
339,Carne_bovina_charque_cru,249,22.7,Carnes_e_derivados
340,Carne_bovina_contra-file_a_milanesa,352,20.6,Carnes_e_derivados
341,Carne_bovina_contra-file_de_costela_cru,202,19.8,Carnes_e_derivados
342,Carne_bovina_contra-file_de_costela_grelhado,275,29.9,Carnes_e_derivados
343,Carne_bovina_contra-file_com_gordura_cru,206,21.2,Carnes_e_derivados
344,Carne_bovina_contra-file_com_gordura_grelhado,278,32.4,Carnes_e_derivados
345,Carne_bovina_contra-file_sem_gordura_cru,157,24.0,Carnes_e_derivados
346,Carne_bovina_contra-file_sem_gordura_grelhado,194,35.9,Carnes_e_derivados
347,Carne_bovina_costela_assada,373,28.8,Carnes_e_derivados
348,Carne_bovina_costela_crua,358,16.7,Carnes_e_derivados
349,Carne_bovina_coxao_duro_sem_gordura_cozido,217,31.9,Carnes_e_derivados
350,Carne_bovina_coxao_duro_sem_gordura_cru,148,21.5,Carnes_e_derivados
351,Carne_bovina_coxao_mole_sem_gordura_cozido,219,32.4,Carnes_e_derivados
352,Carne_bovina_coxao_mole_sem_gordura_cru,169,21.2,Carnes_e_derivados
353,Carne_bovina_cupim_assado,330,28.6,Carnes_e_derivados
354,Carne_bovina_cupim_cru,221,19.5,Carnes_e_derivados
355,Carne_bovina_figado_cru,141,20.7,Carnes_e_derivados
356,Carne_bovina_figado_grelhado,225,29.9,Carnes_e_derivados
357,Carne_bovina_file_mingnon_sem_gordura_cru,143,21.6,Carnes_e_derivados
358,Carne_bovina_file_mingnon_sem_gordura_grelhado,220,32.8,Carnes_e_derivados
359,Carne_bovina_flanco_sem_gordura_cozido,196,29.4,Carnes_e_derivados
360,Carne_bovina_flanco_sem_gordura_cru,141,20.0,Carnes_e_derivados
361,Carne_bovina_fraldinha_com_gordura_cozida,338,24.2,Carnes_e_derivados
362,Carne_bovina_fraldinha_com_gordura_crua,221,17.6,Carnes_e_derivados
363,Carne_bovina_lagarto_cozido,222,32.9,Carnes_e_derivados
364,Carne_bovina_lagarto_cru,135,20.5,Carnes_e_derivados
365,Carne_bovina_lingua_cozida,315,21.4,Carnes_e_derivados
366,Carne_bovina_lingua_crua,215,17.1,Carnes_e_derivados
367,Carne_bovina_maminha_crua,153,20.9,Carnes_e_derivados
368,Carne_bovina_maminha_grelhada,153,30.7,Carnes_e_derivados
369,Carne_bovina_miolo_de_alcatra_sem_gordura_cru,163,21.6,Carnes_e_derivados
370,Carne_bovina_miolo_de_alcatra_sem_gordura_grelhado,241,31.9,Carnes_e_derivados
371,Carne_bovina_musculo_sem_gordura_cozido,194,31.2,Carnes_e_derivados
372,Carne_bovina_musculo_sem_gordura_cru,142,21.6,Carnes_e_derivados
373,Carne_bovina_paleta_com_gordura_crua,159,21.4,Carnes_e_derivados
374,Carne_bovina_paleta_sem_gordura_cozida,194,29.7,Carnes_e_derivados
375,Carne_bovina_paleta_sem_gordura_crua,141,21.0,Carnes_e_derivados
376,Carne_bovina_patinho_sem_gordura_cru,133,21.7,Carnes_e_derivados
377,Carne_bovina_patinho_sem_gordura_grelhado,219,35.9,Carnes_e_derivados
378,Carne_bovina_peito_sem_gordura_cozido,338,22.2,Carnes_e_derivados
379,Carne_bovina_peito_sem_gordura_cru,259,17.6,Carnes_e_derivados
380,Carne_bovina_picanha_com_gordura_crua,213,18.8,Carnes_e_derivados
381,Carne_bovina_picanha_com_gordura_grelhada,289,26.4,Carnes_e_derivados
382,Carne_bovina_picanha_sem_gordura_crua,134,21.3,Carnes_e_derivados
383,Carne_bovina_picanha_sem_gordura_grelhada,238,31.9,Carnes_e_derivados
384,Carne_bovina_seca_cozida,313,26.9,Carnes_e_derivados
385,Carne_bovina_seca_crua,313,19.7,Carnes_e_derivados
386,Coxinha_de_frango_frita,283,9.6,Carnes_e_derivados
387,Croquete_de_carne_cru,246,12.0,Carnes_e_derivados
388,Croquete_de_carne_frito,347,16.9,Carnes_e_derivados
389,Empada_de_frango_pre-cozida_assada,358,6.9,Carnes_e_derivados
390,Empada_de_frango_pre-cozida,377,7.3,Carnes_e_derivados
391,Frango_asa_com_pele_crua,213,18.1,Carnes_e_derivados
392,Frango_caipira_inteiro_com_pele_cozido,243,23.9,Carnes_e_derivados
393,Frango_caipira_inteiro_sem_pele_cozido,196,29.6,Carnes_e_derivados
394,Frango_coracao_cru,222,12.6,Carnes_e_derivados
395,Frango_coracao_grelhado,207,22.4,Carnes_e_derivados
396,Frango_coxa_com_pele_assada,215,28.5,Carnes_e_derivados
397,Frango_coxa_com_pele_crua,161,17.1,Carnes_e_derivados
398,Frango_coxa_sem_pele_cozida,167,26.9,Carnes_e_derivados
399,Frango_coxa_sem_pele_crua,120,17.8,Carnes_e_derivados
400,Frango_figado_cru,106,17.6,Carnes_e_derivados
401,Frango_file_a_milanesa,221,28.5,Carnes_e_derivados
402,Frango_inteiro_com_pele_cru,226,16.4,Carnes_e_derivados
403,Frango_inteiro_sem_pele_assado,187,28.0,Carnes_e_derivados
404,Frango_inteiro_sem_pele_cozido,170,25.0,Carnes_e_derivados
405,Frango_inteiro_sem_pele_cru,129,20.6,Carnes_e_derivados
406,Frango_peito_com_pele_assado,212,33.4,Carnes_e_derivados
407,Frango_peito_com_pele_cru,149,20.8,Carnes_e_derivados
408,Frango_peito_sem_pele_cozido,163,31.5,Carnes_e_derivados
409,Frango_peito_sem_pele_cru,119,21.5,Carnes_e_derivados
410,Frango_peito_sem_pele_grelhado,159,32.0,Carnes_e_derivados
411,Frango_sobrecoxa_com_pele_assada,260,28.7,Carnes_e_derivados
412,Frango_sobrecoxa_com_pele_crua,255,15.5,Carnes_e_derivados
413,Frango_sobrecoxa_sem_pele_assada,233,29.2,Carnes_e_derivados
414,Frango_sobrecoxa_sem_pele_crua,162,17.6,Carnes_e_derivados
415,Hamburguer_bovino_cru,215,13.2,Carnes_e_derivados
416,Hamburguer_bovino_frito,258,20.0,Carnes_e_derivados
417,Hamburguer_bovino_grelhado,210,13.2,Carnes_e_derivados
418,Linguica_frango_crua,218,14.2,Carnes_e_derivados
419,Linguica_frango_frita,245,18.3,Carnes_e_derivados
420,Linguica_frango_grelhada,244,18.2,Carnes_e_derivados
421,Linguica_porco_crua,227,16.1,Carnes_e_derivados
422,Linguica_porco_frita,280,20.5,Carnes_e_derivados
423,Linguica_porco_grelhada,296,23.2,Carnes_e_derivados
424,Mortadela,269,12.0,Carnes_e_derivados
425,Peru_congelado_assado,163,26.2,Carnes_e_derivados
426,Peru_congelado_cru,94,18.1,Carnes_e_derivados
427,Porco_bisteca_crua,164,21.5,Carnes_e_derivados
428,Porco_bisteca_frita,311,33.7,Carnes_e_derivados
429,Porco_bisteca_grelhada,280,28.9,Carnes_e_derivados
430,Porco_costela_assada,402,30.2,Carnes_e_derivados
431,Porco_costela_crua,256,18.0,Carnes_e_derivados
432,Porco_lombo_assado,210,35.7,Carnes_e_derivados
433,Porco_lombo_cru,176,22.6,Carnes_e_derivados
434,Porco_orelha_salgada_crua,258,18.5,Carnes_e_derivados
435,Porco_pernil_assado,262,32.1,Carnes_e_derivados
436,Porco_pernil_cru,186,20.1,Carnes_e_derivados
437,Porco_rabo_salgado_cru,377,15.6,Carnes_e_derivados
438,Presunto_com_capa_de_gordura,128,14.4,Carnes_e_derivados
439,Presunto_sem_capa_de_gordura,94,14.3,Carnes_e_derivados
440,Quibe_assado,136,14.6,Carnes_e_derivados
441,Quibe_cru,109,12.4,Carnes_e_derivados
442,Quibe_frito,254,14.9,Carnes_e_derivados
443,Salame,398,25.8,Carnes_e_derivados
444,Toucinho_cru,593,11.5,Carnes_e_derivados
445,Toucinho_frito,697,27.3,Carnes_e_derivados
446,Bebida_lactea_pessego,55,2.1,Leite_e_derivados
447,Creme_de_Leite,221,1.5,Leite_e_derivados
448,Iogurte_natural,51,4.1,Leite_e_derivados
449,Iogurte_natural_desnatado,41,3.8,Leite_e_derivados
450,Iogurte_sabor_abacaxi,NA,NA,Leite_e_derivados
451,Iogurte_sabor_morango,70,2.7,Leite_e_derivados
452,Iogurte_sabor_pessego,68,2.5,Leite_e_derivados
453,Leite_condensado,313,7.7,Leite_e_derivados
454,Leite_de_cabra,66,3.1,Leite_e_derivados
455,Leite_de_vaca_achocolatado,83,2.1,Leite_e_derivados
456,Leite_de_vaca_desnatado_po,362,34.7,Leite_e_derivados
457,Leite_de_vaca_desnatado_UHT,NA,NA,Leite_e_derivados
458,Leite_de_vaca_integral,NA,NA,Leite_e_derivados
459,Leite_de_vaca_integral_po,497,25.4,Leite_e_derivados
460,Leite_fermentado,70,1.9,Leite_e_derivados
461,Queijo_minas_frescal,264,17.4,Leite_e_derivados
462,Queijo_minas_meia_cura,321,21.2,Leite_e_derivados
463,Queijo_mozarela,330,22.6,Leite_e_derivados
464,Queijo_parmesao,453,35.6,Leite_e_derivados
465,Queijo_pasteurizado,303,9.4,Leite_e_derivados
466,Queijo_petit_suisse_morango,121,5.8,Leite_e_derivados
467,Queijo_prato,360,22.7,Leite_e_derivados
468,Queijo_requeijao_cremoso,257,9.6,Leite_e_derivados
469,Queijo_ricota,140,12.6,Leite_e_derivados
470,Bebida_isotonica_sabores_variados,26,0.0,Bebidas_(alcoolicas_e_nao_alcoolicas)
471,Cafe_infusao_10%,9,0.7,Bebidas_(alcoolicas_e_nao_alcoolicas)
472,Cana_aguardente,216,NA,Bebidas_(alcoolicas_e_nao_alcoolicas)
473,Cana_caldo_de,65,Tr,Bebidas_(alcoolicas_e_nao_alcoolicas)
474,Cerveja_pilsen,41,0.6,Bebidas_(alcoolicas_e_nao_alcoolicas)
475,Cha_erva-doce_infusao_5%,1,0.0,Bebidas_(alcoolicas_e_nao_alcoolicas)
476,Cha_mate_infusao_5%,3,0.0,Bebidas_(alcoolicas_e_nao_alcoolicas)
477,Cha_preto_infusao_5%,9,0.0,Bebidas_(alcoolicas_e_nao_alcoolicas)
478,Coco_agua_de,22,0.0,Bebidas_(alcoolicas_e_nao_alcoolicas)
479,Refrigerante_tipo_agua_tonica,31,0.0,Bebidas_(alcoolicas_e_nao_alcoolicas)
480,Refrigerante_tipo_cola,34,0.0,Bebidas_(alcoolicas_e_nao_alcoolicas)
481,Refrigerante_tipo_guarana,39,0.0,Bebidas_(alcoolicas_e_nao_alcoolicas)
482,Refrigerante_tipo_laranja,46,0.0,Bebidas_(alcoolicas_e_nao_alcoolicas)
483,Refrigerante_tipo_limao,40,0.0,Bebidas_(alcoolicas_e_nao_alcoolicas)
484,Omelete_de_queijo,268,15.6,Ovos_e_derivados
485,Ovo_de_codorna_inteiro_cru,177,13.7,Ovos_e_derivados
486,Ovo_de_galinha_clara_cozida/10minutos,59,13.4,Ovos_e_derivados
487,Ovo_de_galinha_gema_cozida/10minutos,353,15.9,Ovos_e_derivados
488,Ovo_de_galinha_inteiro_cozido/10minutos,146,13.3,Ovos_e_derivados
489,Ovo_de_galinha_inteiro_cru,143,13.0,Ovos_e_derivados
490,Ovo_de_galinha_inteiro_frito,240,15.6,Ovos_e_derivados
491,Achocolatado_po,401,4.2,Produtos_acucarados
492,Acucar_cristal,387,0.3,Produtos_acucarados
493,Acucar_mascavo,369,0.8,Produtos_acucarados
494,Acucar_refinado,387,0.3,Produtos_acucarados
495,Chocolate_ao_leite,540,7.2,Produtos_acucarados
496,Chocolate_ao_leite_com_castanha_do_Para,559,7.4,Produtos_acucarados
497,Chocolate_ao_leite_dietetico,557,6.9,Produtos_acucarados
498,Chocolate_meio_amargo,475,4.9,Produtos_acucarados
499,Cocada_branca,449,1.1,Produtos_acucarados
500,Doce_de_abobora_cremoso,199,0.9,Produtos_acucarados
501,Doce_de_leite_cremoso,306,5.5,Produtos_acucarados
502,Geleia_mocoto_natural,106,2.1,Produtos_acucarados
503,Glicose_de_milho,292,0.0,Produtos_acucarados
504,Maria_mole,301,3.8,Produtos_acucarados
505,Maria_mole_coco_queimado,307,3.9,Produtos_acucarados
506,Marmelada,257,0.4,Produtos_acucarados
507,Mel_de_abelha,309,0.0,Produtos_acucarados
508,Melado,297,0.0,Produtos_acucarados
509,Quindim,411,4.7,Produtos_acucarados
510,Rapadura,352,1.0,Produtos_acucarados
511,Cafe_po_torrado,419,14.7,Miscelaneas
512,Capuccino_po,417,11.3,Miscelaneas
513,Fermento_em_po_quimico,90,0.5,Miscelaneas
514,Fermento_biologico_levedura_tablete,90,17.0,Miscelaneas
515,Gelatina_sabores_variados_po,380,8.9,Miscelaneas
516,Sal_dietetico,NA,NA,Miscelaneas
517,Sal_grosso,NA,NA,Miscelaneas
518,Shoyu,61,3.3,Miscelaneas
519,Tempero_a_base_de_sal,89,2.7,Miscelaneas
520,Azeitona_preta_conserva,194,1.2,Outros_alimentos_industrializados
521,Azeitona_verde_conserva,137,0.9,Outros_alimentos_industrializados
522,Chantilly_spray_com_gordura_vegetal,315,0.5,Outros_alimentos_industrializados
523,Leite_de_coco,166,1.0,Outros_alimentos_industrializados
524,Maionese_tradicional_com_ovos,302,0.6,Outros_alimentos_industrializados
525,Acaraje,289,8.3,Alimentos_preparados
526,Arroz_carreteiro,154,10.8,Alimentos_preparados
527,Baiao_de_dois_arroz_e_feijao-de-corda,136,6.2,Alimentos_preparados
528,Barreado,165,18.3,Alimentos_preparados
529,Bife_a_cavalo_com_contra_file,291,23.7,Alimentos_preparados
530,Bolinho_de_arroz,274,8.0,Alimentos_preparados
531,Camarao_a_baiana,101,7.9,Alimentos_preparados
532,Charuto_de_repolho,78,6.8,Alimentos_preparados
533,Cuscuz_de_milho_cozido_com_sal,113,2.2,Alimentos_preparados
534,Cuscuz_paulista,142,2.6,Alimentos_preparados
535,Cuxa_molho,80,5.6,Alimentos_preparados
536,Dobradinha,125,19.8,Alimentos_preparados
537,Estrogonofe_de_carne,173,15.0,Alimentos_preparados
538,Estrogonofe_de_frango,157,17.6,Alimentos_preparados
539,Feijao_tropeiro_mineiro,152,10.2,Alimentos_preparados
540,Feijoada,117,8.7,Alimentos_preparados
541,Frango_com_acafrao,113,9.7,Alimentos_preparados
542,Macarrao_molho_bolognesa,120,4.9,Alimentos_preparados
543,Manicoba,134,10.0,Alimentos_preparados
544,Quibebe,86,8.6,Alimentos_preparados
545,Salada_de_legumes_com_maionese,96,1.1,Alimentos_preparados
546,Salada_de_legumes_cozida_no_vapor,35,2.0,Alimentos_preparados
547,Salpicao_de_frango,148,13.9,Alimentos_preparados
548,Sarapatel,123,18.5,Alimentos_preparados
549,Tabule,57,2.0,Alimentos_preparados
550,Tacaca,47,7.0,Alimentos_preparados
551,Tapioca_com_manteiga,348,0.1,Alimentos_preparados
552,Tucupi_com_pimenta-de-cheiro,27,2.1,Alimentos_preparados
553,Vaca_atolada,145,5.1,Alimentos_preparados
554,Vatapa,255,6.0,Alimentos_preparados
555,Virado_a_paulista,307,10.2,Alimentos_preparados
556,Yakisoba,113,7.5,Alimentos_preparados
557,Amendoim_grao_cru,544,27.2,Leguminosas_e_derivados
558,Amendoim_torrado_salgado,606,22.5,Leguminosas_e_derivados
559,Ervilha_em_vagem,88,7.5,Leguminosas_e_derivados
560,Ervilha_enlatada_drenada,74,4.6,Leguminosas_e_derivados
561,Feijao_carioca_cozido,76,4.8,Leguminosas_e_derivados
562,Feijao_carioca_cru,329,20.0,Leguminosas_e_derivados
563,Feijao_fradinho_cozido,78,5.1,Leguminosas_e_derivados
564,Feijao_fradinho_cru,339,20.2,Leguminosas_e_derivados
565,Feijao_jalo_cozido,93,6.1,Leguminosas_e_derivados
566,Feijao_jalo_cru,328,20.1,Leguminosas_e_derivados
567,Feijao_preto_cozido,77,4.5,Leguminosas_e_derivados
568,Feijao_preto_cru,324,21.3,Leguminosas_e_derivados
569,Feijao_rajado_cozido,85,5.5,Leguminosas_e_derivados
570,Feijao_rajado_cru,326,17.3,Leguminosas_e_derivados
571,Feijao_rosinha_cozido,68,4.5,Leguminosas_e_derivados
572,Feijao_rosinha_cru,337,20.9,Leguminosas_e_derivados
573,Feijao_roxo_cozido,77,5.7,Leguminosas_e_derivados
574,Feijao_roxo_cru,331,22.2,Leguminosas_e_derivados
575,Grao-de-bico_cru,355,21.2,Leguminosas_e_derivados
576,Guandu_cru,344,19.0,Leguminosas_e_derivados
577,Lentilha_cozida,93,6.3,Leguminosas_e_derivados
578,Lentilha_crua,339,23.2,Leguminosas_e_derivados
579,Pacoca_amendoim,487,16.0,Leguminosas_e_derivados
580,Pe-de-moleque_amendoim,503,13.2,Leguminosas_e_derivados
581,Soja_farinha,404,36.0,Leguminosas_e_derivados
582,Soja_extrato_soluvel_natural_fluido,39,2.4,Leguminosas_e_derivados
583,Soja_extrato_soluvel_po,459,35.7,Leguminosas_e_derivados
584,Soja_queijo_(tofu),64,6.6,Leguminosas_e_derivados
585,Tremoco_cru,381,33.6,Leguminosas_e_derivados
586,Tremoco_em_conserva,121,11.1,Leguminosas_e_derivados
587,Amendoa_torrada_salgada,581,18.6,Nozes_e_sementes
588,Castanha-de-caju_torrada_salgada,570,18.5,Nozes_e_sementes
589,Castanha-do-Brasil_crua,643,14.5,Nozes_e_sementes
590,Coco_cru,406,3.7,Nozes_e_sementes
591,Coco_verde_cru,NA,NA,Nozes_e_sementes
592,Farinha_de_mesocarpo_de_babacu_crua,329,1.4,Nozes_e_sementes
593,Gergelim_semente,584,21.2,Nozes_e_sementes
594,Linhaca_semente,495,14.1,Nozes_e_sementes
595,Pinhao_cozido,174,3.0,Nozes_e_sementes
596,Pupunha_cozida,219,2.5,Nozes_e_sementes
597,Noz_crua,620,14.0,Nozes_e_sementes